{"accuracy": [0.5799274444580078, 0.8553382158279419, 0.918002724647522, 0.9420584440231323, 0.956682562828064, 0.9671669602394104, 0.9719894528388977, 0.9762998819351196, 0.9808663725852966, 0.9819190502166748], "loss": [1.4310444593429565, 0.45527711510658264, 0.255576491355896, 0.17980597913265228, 0.1329343020915985, 0.09995920956134796, 0.08719869703054428, 0.07286468893289566, 0.05918138101696968, 0.05727231875061989], "val_accuracy": [0.8541998863220215, 0.9189050793647766, 0.9353516697883606, 0.9528226852416992, 0.9451969265937805, 0.9477008581161499, 0.9444001913070679, 0.9655702114105225, 0.9556680917739868, 0.9678465723991394], "val_loss": [0.4821943938732147, 0.24907970428466797, 0.19553007185459137, 0.144476518034935, 0.17467905580997467, 0.16148903965950012, 0.17809119820594788, 0.11657427251338959, 0.15610811114311218, 0.10460676997900009]}